supplier_id,supplier_name,supplier_city,contact_email,contract_start_date
1,"Hurley, Davila and Mitchell",Delhi,joy28@dorsey.com,2025-04-13
2,"Williamson, Kelly and Evans",Chennai,nrollins@jackson.com,2025-06-01
3,Lopez LLC,Ahmedabad,currymelissa@wood.org,2024-09-28
4,Wright-Castaneda,Ahmedabad,ianderson@rodriguez.com,2021-07-15
5,King Inc,Ahmedabad,ronald12@johnson-griffin.com,2025-04-25
6,Kelly-Washington,Bangalore,laceygarcia@woods-brady.biz,2025-01-22
7,Griffin-Mcdowell,Pune,pmendoza@rodriguez.org,2024-10-27
8,Rose-Allen,Delhi,jessica14@ingram-lewis.com,2022-09-13
9,Ramos PLC,Hyderabad,rgood@williams-nelson.com,2023-09-17
10,"Estrada, Howard and Mclaughlin",Delhi,rossjohnathan@fisher-griffin.com,2026-02-23
11,"Mcbride, Aguilar and Chang",Ahmedabad,michael26@murray.net,2024-08-12
12,"Mccall, Klein and Cole",Ahmedabad,williammorris@trujillo.com,2024-10-04
13,"Gross, Franklin and Walsh",Delhi,wellsmelissa@hill-rice.com,2024-10-30
14,Kline-Johnston,Chennai,daniellemcdowell@wilson.com,2024-09-26
15,Barber LLC,Chennai,powellashley@sanford.com,2024-12-31
16,"Mcmahon, Howell and Hawkins",Bangalore,theodoreweber@williams.info,2022-12-14
17,Jennings LLC,Hyderabad,tasha03@jones.com,2022-01-06
18,Gutierrez-Schmidt,Pune,fishermichael@davis.com,2022-07-06
19,Hall-Bennett,Hyderabad,martinezsherri@fernandez.biz,2024-01-14
20,York-Morton,Chennai,christopher92@ward.info,2024-02-21
21,King-Brown,Hyderabad,katherineberry@bolton.com,2022-04-09
22,Mccarthy Inc,Hyderabad,jarnold@li-cole.com,2024-03-02
23,"Li, Oconnor and Thomas",Chennai,maria14@flynn-small.com,2024-07-31
24,Johnson LLC,Pune,sydney09@howe-green.net,2022-10-08
25,"Howard, Johnson and Patterson",Mumbai,gloriajohnson@gill-parrish.info,2025-10-14
26,Arnold-Sosa,Chennai,madisonthompson@murphy.com,2023-10-18
27,Griffin Inc,Chennai,karen77@lopez.com,2023-06-03
28,"Simpson, Lewis and Lara",Bangalore,gordon68@weiss.com,2023-03-11
29,Smith Group,Chennai,samanthaquinn@lawson.com,2024-05-30
30,Phillips-Wyatt,Ahmedabad,william58@jimenez.biz,2021-04-09
31,Davis-Garza,Hyderabad,austin29@burke-gill.com,2022-03-21
32,James PLC,Ahmedabad,dwall@hart.com,2021-08-09
33,"Davis, Stokes and Maldonado",Mumbai,lesliemartin@sandoval.com,2024-06-03
34,"Flores, Thomas and Park",Mumbai,elizabeth60@garrett.com,2025-09-05
35,Cook Inc,Delhi,gina48@johnson-turner.com,2021-04-10
36,Moore LLC,Ahmedabad,zyoung@ward-owens.com,2023-09-23
37,Wagner-Bond,Mumbai,gbaxter@hunter.info,2025-04-30
38,Heath-Flowers,Chennai,jerry70@cross.biz,2024-09-20
39,Thomas-Ward,Hyderabad,powerspatricia@jones.com,2024-09-10
40,"Obrien, Johnson and Jacobs",Bangalore,matthew08@velasquez.org,2023-10-29
41,Dennis LLC,Chennai,rachaelwang@lewis.org,2026-02-14
42,"Yang, Carlson and Larson",Chennai,monique54@reilly.com,2023-02-25
43,"Miles, Kennedy and Diaz",Hyderabad,john61@strong.net,2025-10-22
44,Wilson and Sons,Chennai,stevencohen@robinson.com,2023-04-07
45,Wagner-Davis,Delhi,vanessa38@duncan-everett.net,2021-11-07
46,Palmer-Porter,Hyderabad,carpentersteven@finley.com,2025-12-17
47,Taylor-Diaz,Hyderabad,llee@gilmore.info,2021-10-13
48,Grant LLC,Hyderabad,dale13@johnson.org,2024-02-09
49,"Hall, Wells and Rios",Delhi,christysanchez@campbell.com,2025-10-04
50,Walker-Aguirre,Pune,jorge89@thomas-hudson.com,2021-06-21
